{
    "MAE": 0.36890243902439024,
    "RMSE": 0.607373393411656,
    "R2": -0.5791819194652235
}