{
    "MAE": 0.3429878048780488,
    "RMSE": 0.5856516070822728,
    "R2": -0.4682476523953525
}