{
    "MAE": 0.3719512195121951,
    "RMSE": 0.6098780365878043,
    "R2": -0.5922330097087378
}